longname,glot_fam,Longitude,Latitude
NWC.NORTHWEST_CAUCASIAN.ABKHAZ,Abkhaz-Adyge,41.0,43.08
An.MALAYO_SUMBAWAN.ACEH,Austronesian,95.5,5.5
Arw.INLAND_NORTHERN_ARAWAKAN.ACHAGUA,Arawakan,-72.25,4.42
May.MAYAN.AGUACATEC,Mayan,-91.33,15.42
May.MAYAN.AGUACATECO_AGUACATAN,Mayan,-91.33,15.42
An.GREATER_CENTRAL_PHILIPPINE.AKLANON,Austronesian,122.33,11.58
Sep.SEPIK_HILL.ALAMBLAK,Sepik,143.33,-4.67
MM.ALAWA.ALAWA,Mangarrayi-Maran,134.25,-15.17
An.CENTRAL_MALAYO_POLYNESIAN.ALUNE,Austronesian,128.3,-3.0
PN.CENTRAL_PAMA_NYUNGAN.ALYAWARRA,Pama-Nyungan,135.0,-22.5
PN.CENTRAL_PAMA_NYUNGAN.ALYAWARR_ALYAWARA,Pama-Nyungan,135.0,-22.5
PN.CENTRAL_PAMA_NYUNGAN.ALYAWARR_MACDONALDDOWNS_ALYAWARA,Pama-Nyungan,135.0,-22.5
AA.SEMITIC.AMEDYA_ARAMAIC,Afro-Asiatic,43.5,37.1
TNG.MADANG.AMELE,Nuclear_Trans_New_Guinea,145.58,-5.25
MGe.GE_KAINGANG.APANIEKRA,Nuclear-Macro-Je,-45.0,-7.0
Arw.PURUS.APURINA,Arawakan,-67.0,-9.0
AA.SEMITIC.ARABIC_GULF_SPOKEN,Afro-Asiatic,49.0,26.0
AA.SEMITIC.ARABIC_LIBYAN_SPOKEN,Afro-Asiatic,22.0,32.0
AA.SEMITIC.ARABIC_NORTH_LEVANTINE_SPOKEN,Afro-Asiatic,36.0,33.75
An.SOUTH_SULAWESI.ARALLE,Austronesian,119.25,-2.75
Tac.TACANAN.ARAONA,Pano-Tacanan,-67.75,-12.33
NDa.LEZGIC.ARCHI,Nakh-Daghestanian,46.83,42.0
NDa.LEZGIC.ARCHI_2,Nakh-Daghestanian,46.83,42.0
An.OCEANIC.AROSI_TAWATANA,Austronesian,161.33,-10.25
PN.CENTRAL_PAMA_NYUNGAN.ARRARNTA_WESTERN,Pama-Nyungan,132.5,-24.0
Arw.PRE_ANDINE_ARAWAKAN.ASHENINKA_PAJONAL,Arawakan,-74.25,-10.67
AA.SEMITIC.ASSYRIAN_NEO_ARAMAIC,Afro-Asiatic,41.0,36.0
Que.QUECHUAN.ATALLA,Quechuan,-74.87,-12.76
Tor.WAPEI_PALEI.AU,Nuclear_Torricelli,142.08,-3.58
NDa.AVAR_ANDIC_TSEZIC.AVAR,Nakh-Daghestanian,46.5,42.5
NDa.AVAR_ANDIC_TSEZIC.AVAR_ANDALAL,Nakh-Daghestanian,46.96,42.39
NDa.AVAR_ANDIC_TSEZIC.AVAR_ANTSUKH,Nakh-Daghestanian,46.31,42.48
NDa.AVAR_ANDIC_TSEZIC.AVAR_BATLUKH,Nakh-Daghestanian,46.35,42.56
NDa.AVAR_ANDIC_TSEZIC.AVAR_HID,Nakh-Daghestanian,46.72,42.33
NDa.AVAR_ANDIC_TSEZIC.AVAR_KARAKH,Nakh-Daghestanian,46.83,42.24
NDa.AVAR_ANDIC_TSEZIC.AVAR_KUSUR,Nakh-Daghestanian,46.86,42.06
NDa.AVAR_ANDIC_TSEZIC.AVAR_ZAKATALY,Nakh-Daghestanian,46.81,41.62
Sep.RAM.AWTUW,Sepik,142.0,-3.58
AA.BERBER.AYT_SEGHROUCHEN,Afro-Asiatic,-4.67,33.33
PN.WESTERN_PAMA_NYUNGAN.BADIMAYA,Pama-Nyungan,118.0,-27.67
CSu.BONGO_BAGIRMI.BAGIRMI,Central_Sudanic,16.0,11.67
NDa.AVAR_ANDIC_TSEZIC.BAGWALAL,Nakh-Daghestanian,46.17,42.58
An.SAMA_BAJAW.BALANGINGI_SAMA,Austronesian,121.83,6.17
IE.ROMANCE.BALEAR_CATALAN,Indo-European,2.65,39.57
An.MALAYO_SUMBAWAN.BALI,Austronesian,115.25,-8.33
Aru.ARAUAN.BANAWA,Arawan,-65.0,-7.0
An.CELEBIC.BANGGAI,Austronesian,123.17,-1.42
PN.CENTRAL_PAMA_NYUNGAN.BANGGARLA,Pama-Nyungan,137.0,-32.0
An.ENGGANO.BANJAR_SARI_ENGGANO,Austronesian,102.25,-5.42
IE.IRANIAN.BANNU_PASHTO,Indo-European,70.6,32.98
An.SANGIRIC.BANTIK,Austronesian,124.75,1.42
Arw.INLAND_NORTHERN_ARAWAKAN.BARE,Arawakan,-67.0,1.0
An.CELEBIC.BAREE,Austronesian,120.83,-1.75
Alt.TURKIC.BASHKIR,Turkic,58.0,53.0
Bas.BASQUE.BASQUE,Basque,-3.0,43.0
AA.BEJA.BEJA,Afro-Asiatic,36.0,18.0
AA.BEJA.BEJA_2,Afro-Asiatic,36.0,18.0
An.LAMPUNGIC.BELALAU_LAMPUNG_API,Austronesian,105.0,-5.0
IE.INDIC.BENGALI,Indo-European,90.0,24.0
IE.INDIC.BHOIPURI,Indo-European,84.0,26.0
IE.INDIC.BHOJPURI,Indo-European,84.0,26.0
An.SOUTH_HALMAHERA_WEST_NEW_GUINEA.BIAK,Austronesian,136.05,-1.17
An.SOUTH_HALMAHERA_WEST_NEW_GUINEA.BIAK_2,Austronesian,136.05,-1.17
An.OCEANIC.BIG_NAMBAS_LEVIAMP,Austronesian,167.17,-16.09
An.OCEANIC.BIG_NAMBAS_UNMET,Austronesian,167.25,-16.15
An.CENTRAL_MALAYO_POLYNESIAN.BIMA,Austronesian,118.67,-8.5
IE.GERMANIC.BRABANTIC,Indo-European,4.5,50.75
IE.CELTIC.BRETON,Indo-European,-3.0,48.0
Gun.GUNWINYGIC.BUAN,Gunwinyguan,134.83,-13.5
An.SOUTH_SULAWESI.BUGINESE,Austronesian,120.0,-4.0
An.LAND_DAYAK.BUKAR_SADONG_BIDAYUH,Austronesian,111.0,1.25
Tor.KOMBIO_ARAPESH.BUKIYIP,Nuclear_Torricelli,143.17,-3.42
An.SOUTH_HALMAHERA_WEST_NEW_GUINEA.BULI,Austronesian,128.5,1.0
Mng.BURARRAN.BURARRA,Maningrida,134.58,-12.25
Brs.BURUSHASKI.BURUSHASKI,Burushaski,74.5,36.5
An.CENTRAL_MALAYO_POLYNESIAN.BURU_MASARETE,Austronesian,126.5,-3.5
An.PAIWAN.BUTANGLU_PAIWAN,Austronesian,120.83,22.5
UA.CALIFORNIA_UTO_AZTECAN.CAHUILLA,Uto-Aztecan,-116.25,33.5
AA.SEMITIC.CAIRO_ARABIC,Afro-Asiatic,31.0,30.0
Pan.PANOAN.CAPANAHUA,Pano-Tacanan,-74.0,-7.0
IE.ROMANCE.CATALAN,Indo-European,2.0,41.75
IE.ROMANCE.CATALAN_2,Indo-European,2.18,41.38
Tac.TACANAN.CAVINENA_1,Pano-Tacanan,-66.5,-13.33
Tac.TACANAN.CAVINENA_2,Pano-Tacanan,-66.5,-13.33
Cay.CAYUVAVA.CAYUBABA,Cayuvava,-65.5,-13.5
Iro.NORTHERN_IROQUOIAN.CAYUGA,Iroquoian,-76.75,42.75
An.GREATER_CENTRAL_PHILIPPINE.CEBUANO,Austronesian,124.0,10.0
Aym.AYMARAN.CENTRAL_AYMARA,Aymaran,-69.0,-17.0
Aym.AYMARAN.CENTRAL_AYMARA_2,Aymaran,-69.0,-17.0
An.GREATER_CENTRAL_PHILIPPINE.CENTRAL_BICOLANO,Austronesian,123.5,13.33
May.MAYAN.CENTRAL_QUICHE,Mayan,-91.42,15.0
May.MAYAN.CENTRAL_QUICHE_SANTA_MARIA_CHIQUIMULA,Mayan,-91.33,15.03
Pen.MIWOK.CENTRAL_SIERRA_MIWOK,Miwok-Costanoan,-120.33,38.0
Brs.BURUSHASKI.CENTRAL_YASIN_BURUSHASKI,Burushaski,74.5,36.5
An.CHAMORRO.CHAMORRO,Austronesian,144.75,13.45
OM.ZAPOTECAN.CHATINO_WESTERN_HIGHLAND,Otomanguean,-97.38,16.25
ST.MAHAKIRANTI.CHEPANG,Sino-Tibetan,84.75,27.67
MZ.MIXE_ZOQUE.CHIAPAS_ZOQUE,Mixe-Zoque,-93.25,17.0
Mus.MUSKOGEAN.CHOCTAW,Muskogean,-88.5,32.25
CK.NORTHERN_CHUKOTKO_KAMCHATKAN.CHUKCHEE,Chukotko-Kamchatkan,177.0,65.0
Alt.TURKIC.CHUVASH,Turkic,47.5,55.5
An.SOUTH_SULAWESI.COASTAL_KONJO,Austronesian,120.33,-5.47
Pen.TSIMSHIANIC.COAST_TSIMSHIAN,Tsimshian,-129.0,52.5
Hok.YUMAN.COCOPA,Cochimi-Yuman,-115.0,32.33
UA.NUMIC.COMANCHE,Uto-Aztecan,-101.5,33.5
IE.CELTIC.CORNISH,Indo-European,-5.0,50.33
Mus.MUSKOGEAN.CREEK,Muskogean,-81.06,27.08
Ura.UGRIC.CSANGO,Uralic,26.67,46.57
Tuc.TUCANOAN.CUBEO,Tucanoan,-70.5,1.33
Tuc.TUCANOAN.CUBEO_2,Tucanoan,-70.5,1.33
UA.CALIFORNIA_UTO_AZTECAN.CUPENO,Uto-Aztecan,-116.5,33.17
IE.SLAVIC.CZECH,Indo-European,15.0,50.0
EA.ESKIMO.C_YUPIK,Eskimo-Aleut,-160.0,59.5
An.CELEBIC.DAA,Austronesian,119.58,-1.0
Sio.CORE_SIOUAN.DAKOTA,Siouan,-103.53,50.23
AA.SEMITIC.DAMASCUS_ARABIC,Afro-Asiatic,36.0,33.75
An.SOUTH_SULAWESI.DAMA_DAMA,Austronesian,119.67,-3.08
IE.GERMANIC.DANISH,Indo-European,10.0,56.0
PN.CENTRAL_PAMA_NYUNGAN.DARLING,Pama-Nyungan,142.5,-32.5
An.LAMPUNGIC.DAYA_LAMPUNG_API,Austronesian,105.0,-5.0
An.OCEANIC.DEHU,Austronesian,167.25,-21.0
Alg.ALGONQUIAN.DELAWARE_MUNSEE,Algic,-74.67,41.5
Tuc.TUCANOAN.DESANO,Tucanoan,-69.83,0.83
Tuc.TUCANOAN.DESANO_2,Tucanoan,-69.83,0.83
PN.SOUTHEASTERN_PAMA_NYUNGAN.DHURGA,Pama-Nyungan,150.0,-35.67
Hok.YUMAN.DIEGUENO,Cochimi-Yuman,-116.17,32.67
NC.NORTHERN_ATLANTIC.DIOLA,Atlantic-Congo,-16.0,13.0
PN.CENTRAL_PAMA_NYUNGAN.DIYARI,Pama-Nyungan,139.0,-28.0
Mir.DJINGILI.DJINGILI,Mirndi,134.0,-17.75
An.CENTRAL_MALAYO_POLYNESIAN.DOBEL,Austronesian,134.67,-6.25
Dra.SOUTH_CENTRAL_DRAVIDIAN.DORLI_GONDI,Dravidian,81.33,17.5
LP.LAKES_PLAIN.DOUTAI,Lakes_Plain,138.17,-3.33
IE.GERMANIC.DUTCH,Indo-European,6.0,52.5
PN.NORTHERN_PAMA_NYUNGAN.DYIRBAL,Pama-Nyungan,145.58,-17.83
IE.ARMENIAN.EASTERN_ARMENIAN,Indo-European,45.0,40.0
IE.IRANIAN.EASTERN_FARSI,Indo-European,66.0,35.0
EA.ESKIMO.EAST_GREENLANDIC,Eskimo-Aleut,-40.0,65.0
An.SOUTH_HALMAHERA_WEST_NEW_GUINEA.EAST_MAKIAN,Austronesian,127.5,0.0
An.CENTRAL_MALAYO_POLYNESIAN.ELPAPUTIH_SAMASURU_PAULOHIJ,Austronesian,127.98,-5.03
An.CENTRAL_MALAYO_POLYNESIAN.ELPAPUTIH_SERAM_1,Austronesian,127.98,-5.03
An.CENTRAL_MALAYO_POLYNESIAN.ELPAPUTIH_SERAM_2,Austronesian,127.98,-5.03
An.CENTRAL_MALAYO_POLYNESIAN.ELPAPUTIH_SERAM_3,Austronesian,127.98,-5.03
Cho.CHOCO.EMBERA_CHAMI,Chocoan,-76.0,5.0
An.ENGGANO.ENGGANO,Austronesian,102.25,-5.42
IE.GERMANIC.ENGLISH,Indo-European,0.0,52.0
Cho.CHOCO.EPENA_BASURUDO,Chocoan,-77.0,3.0
Cho.CHOCO.EPENA_SAIJA,Chocoan,-77.0,3.0
Tac.TACANAN.ESE_EJJA,Pano-Tacanan,-66.0,-11.0
Ura.FINNIC.ESTONIAN,Uralic,26.0,59.0
Alt.TUNGUSIC.EVENKI_POLIGUS_LITERARY,Tungusic,94.62,61.98
Alt.TUNGUSIC.EWENKI_1,Tungusic,117.0,49.0
Alt.TUNGUSIC.EWENKI_2,Tungusic,122.08,52.18
Kad.KADUGLI.FAMA,Kadugli-Krongo,30.0,10.5
IE.GERMANIC.FAROESE,Indo-European,-7.0,62.0
AA.BERBER.FIGUIG,Afro-Asiatic,-1.5,32.5
An.OCEANIC.FIJIAN,Austronesian,178.0,-17.83
An.OCEANIC.FIJIAN_2,Austronesian,178.0,-17.83
Ura.FINNIC.FINNISH,Uralic,25.0,62.0
An.CENTRAL_MALAYO_POLYNESIAN.FORDATA,Austronesian,131.5,-6.75
TNG.EASTERN_HIGHLANDS.FORE,Nuclear_Trans_New_Guinea,145.5,-6.75
IE.ROMANCE.FRENCH,Indo-European,2.0,48.0
IE.CELTIC.GAELIC_SCOTTISH,Indo-European,-4.0,57.0
WP.NORTH_HALMAHERAN.GALELA,North_Halmahera,128.33,2.42
WP.NORTH_HALMAHERAN.GALELA_2,North_Halmahera,128.33,2.42
PN.SOUTHEASTERN_PAMA_NYUNGAN.GAMILARAAY,Pama-Nyungan,149.5,-29.83
Brs.BURUSHASKI.GANISH_HUNZA_BURUSHASKI,Burushaski,74.5,36.5
Gar.GARRWAN.GARAWA,Garrwan,137.17,-17.08
IE.ROMANCE.GASCON,Indo-European,0.1,43.3
An.NORTHWEST_SUMATRA_BARRIER_ISLANDS.GAYO,Austronesian,97.5,4.5
Krt.KARTVELIAN.GEORGIAN,Kartvelian,44.0,42.0
Niv.NIVKH.GILYAK,Nivkh,142.0,53.33
Niv.NIVKH.GILYAK_AMUR,Nivkh,142.0,53.33
Niv.NIVKH.GILYAK_EAST_SAKHALIN,Nivkh,142.0,53.33
Niv.NIVKH.GILYAK_NORTH_SAKHALIN,Nivkh,142.0,53.33
Niv.NIVKH.GILYAK_SOUTH_SAKHALIN,Nivkh,142.0,53.33
Niv.NIVKH.GILYAK_WEST_SAKHALIN,Nivkh,142.0,53.33
NDa.AVAR_ANDIC_TSEZIC.GODOBERI,Nakh-Daghestanian,46.08,42.67
Bun.BUNUBAN.GOONIYANDI,Bunaban,126.33,-18.47
IE.GREEK.GREEK,Indo-European,22.0,39.0
Tup.TUPI_GUARANI.GUARANI,Tupian,-56.0,-26.0
Tup.TUPI_GUARANI.GUARANI_KAIWA,Tupian,-55.0,-23.0
IE.INDIC.GUJARATI,Indo-European,72.0,23.0
Gun.GUNWINYGIC.GUNWINGGU_GUN_DJEIHMI,Gunwinyguan,133.75,-12.5
Gun.GUNWINYGIC.GUNWINGGU_KUNE,Gunwinyguan,133.75,-12.5
Gun.GUNWINYGIC.GUNWINGGU_KUNINJKU,Gunwinyguan,133.75,-12.5
Gun.GUNWINYGIC.GUNWINGGU_KUNWINJKU,Gunwinyguan,133.75,-12.5
Gun.GUNWINYGIC.GUNWINGGU_MANYALLALUK_MAYALI,Gunwinyguan,133.75,-12.5
PN.NORTHERN_PAMA_NYUNGAN.GUUGU_YIMIDHIR,Pama-Nyungan,144.83,-15.0
NC.BANTOID.H166_KONGO_MANYANGA,Atlantic-Congo,15.0,-5.0
NC.BANTOID.HADIMU,Atlantic-Congo,39.0,-6.5
Hai.HAIDA.HAIDA_2,Haida,-132.5,54.0
Brs.BURUSHASKI.HAIDERABAD_HUNZA_BURUSHASKI,Burushaski,74.5,36.5
OC.COOSAN.HANIS_COOS,Coosan,-124.17,43.5
An.GREATER_CENTRAL_PHILIPPINE.HANUNOO,Austronesian,121.25,12.33
An.OCEANIC.HAWAIIAN,Austronesian,-155.5,19.58
An.OCEANIC.HAWAIIAN_2,Austronesian,-155.5,19.58
An.OCEANIC.HAWAIIAN_3,Austronesian,-155.5,19.58
AA.SEMITIC.HEBREW,Afro-Asiatic,34.83,31.5
IE.INDIC.HINDI,Indo-European,77.0,25.0
TNG.DANI.HITIGIMA_DANI,Nuclear_Trans_New_Guinea,138.5,-4.42
Car.CARIBAN.HIXKARYANA,Cariban,-59.0,-1.0
Brs.BURUSHASKI.HOPER_NAGAR_BURUSHASKI,Burushaski,74.5,36.5
UA.HOPI.HOPI,Uto-Aztecan,-110.0,36.0
Tac.TACANAN.HUARAYO_ESE_EJJA,Pano-Tacanan,-70.45,-11.9
May.MAYAN.HUASTEC,Mayan,-99.33,22.08
May.MAYAN.HUASTEC_VERACRUZ,Mayan,-98.25,21.33
Hui.HUITOTO.HUITOTO_NIPODE,Huitotoan,-71.0,-2.42
Hui.HUITOTO.HUITOTO_NUPODE,Huitotoan,-71.0,-2.42
Ura.UGRIC.HUNGARIAN,Uralic,20.0,47.0
NDa.AVAR_ANDIC_TSEZIC.HUNZIB,Nakh-Daghestanian,46.25,42.17
Brs.BURUSHASKI.HUSSAINABAD_HUNZA_BURUSHASKI,Burushaski,74.5,36.5
An.OCEANIC.IAAI,Austronesian,166.58,-20.42
IE.GERMANIC.ICELANDIC,Indo-European,-17.0,65.0
Knm.KUNAMA.ILIT,Kunama,36.92,14.5
An.MALAYO_SUMBAWAN.INDONESIAN,Austronesian,106.0,0.0
An.MALAYO_SUMBAWAN.INDONESIAN_2,Austronesian,106.0,0.0
An.MALAYO_SUMBAWAN.INDONESIAN_JAKARTA,Austronesian,106.75,-6.17
Que.QUECHUAN.INGA_PUTUMAYO,Quechuan,-77.0,1.14
NDa.NAKH.INGUSH,Nakh-Daghestanian,45.08,43.17
Sio.CORE_SIOUAN.IOWA_OTO,Siouan,-96.0,40.5
AA.SOUTHERN_CUSHITIC.IRAQW,Afro-Asiatic,35.5,-4.0
AA.SOUTHERN_CUSHITIC.IRAQW_2,Afro-Asiatic,35.5,-4.0
An.SOUTH_HALMAHERA_WEST_NEW_GUINEA.IRARUTU,Austronesian,133.5,-3.0
IE.CELTIC.IRISH_GAELIC,Indo-European,-8.0,53.0
IE.ROMANCE.ITALIAN,Indo-European,12.0,43.0
IE.ROMANCE.ITALIAN_GROSSETO_TUSCAN,Indo-European,12.0,43.0
An.LAMPUNGIC.JABUNG_LAMPUNG_API,Austronesian,105.0,-5.0
May.MAYAN.JACALTEC,Mayan,-91.67,15.67
May.MAYAN.JACALTECO_WESTERN,Mayan,-91.83,15.83
May.MAYAN.JAKALTEKO_EASTERN,Mayan,-91.67,15.67
Aru.ARAUAN.JAMAMADI,Arawan,-67.0,-7.5
IE.GERMANIC.JAMTLANDIC,Indo-European,14.67,63.0
Aym.AYMARAN.JAQARU,Aymaran,-76.0,-13.0
Aym.AYMARAN.JAQARU_2,Aymaran,-76.0,-13.0
Aru.ARAUAN.JARAWARA,Arawan,-65.5,-7.5
PN.WESTERN_PAMA_NYUNGAN.JARU,Pama-Nyungan,128.0,-18.75
Tol.TOL.JICAQUE,Jicaquean,-87.0,14.67
AA.SEMITIC.JILU,Afro-Asiatic,41.0,36.0
NC.NORTHERN_ATLANTIC.JOLA,Atlantic-Congo,-16.0,13.0
NC.BANTOID.K14_LWENA_1,Atlantic-Congo,22.0,-12.0
NC.BANTOID.K14_LWENA_2,Atlantic-Congo,22.0,-12.0
An.CELEBIC.KADATUA,Austronesian,122.27,-5.33
IE.INDIC.KALAMI,Indo-European,72.5,35.5
Kal.KALAPUYAN.KALAPUYA,Kalapuyan,-123.0,44.5
An.LAMPUNGIC.KALIANDA_LAMPUNG_API,Austronesian,105.0,-5.0
Car.CARIBAN.KALINA,Cariban,-56.0,5.5
PN.NORTHERN_PAMA_NYUNGAN.KALKUTUNG,Pama-Nyungan,139.5,-21.0
TAP.GREATER_ALOR.KAMANG,Timor-Alor-Pantar,124.83,-8.25
TAP.GREATER_ALOR.KAMANG_2,Timor-Alor-Pantar,124.83,-8.25
TAP.GREATER_ALOR.KAMANG_KOLOMANE,Timor-Alor-Pantar,124.83,-8.25
TAP.GREATER_ALOR.KAMANG_LANGKURU,Timor-Alor-Pantar,124.83,-8.25
TAP.GREATER_ALOR.KAMANG_LETLEY,Timor-Alor-Pantar,124.83,-8.25
TAP.GREATER_ALOR.KAMANG_PIDO_I,Timor-Alor-Pantar,124.83,-8.25
TAP.GREATER_ALOR.KAMANG_PIDO_II,Timor-Alor-Pantar,124.83,-8.25
An.CENTRAL_MALAYO_POLYNESIAN.KAMBERA,Austronesian,120.5,-9.83
TNG.WISSEL_LAKES_KEMANDOGA.KAPAUKU,Nuclear_Trans_New_Guinea,135.5,-3.83
An.BARITO.KAPUAS_KAHAYAN,Austronesian,114.5,-1.83
IE.IRANIAN.KARAK_PASHTO,Indo-European,71.26,33.16
An.OCEANIC.KARA_PNG,Austronesian,151.12,-2.83
Ura.FINNIC.KARELIAN,Uralic,32.0,64.0
Kar.KAROK.KAROK,Karuk,-123.0,41.67
An.NORTHWEST_SUMATRA_BARRIER_ISLANDS.KARO_BATAK,Austronesian,98.25,3.25
Hok.POMOAN.KASHAYA,Pomoan,-123.33,38.67
IE.SLAVIC.KASHUBIAN,Indo-European,18.0,54.0
An.BARITO.KATINGAN,Austronesian,113.0,-1.67
Kau.KAURE.KAURE,Kaure-Narau,140.08,-3.42
UA.NUMIC.KAWAIISU,Uto-Aztecan,-117.5,36.0
Aym.AYMARAN.KAWKI,Aymaran,-76.0,-13.0
Tan.TANGKIC.KAYARDILD,Tangkic,139.5,-17.05
An.CENTRAL_MALAYO_POLYNESIAN.KEI,Austronesian,132.92,-5.83
An.OCEANIC.KELA,Austronesian,147.08,-7.42
AA.EAST_CHADIC.KERA,Afro-Asiatic,15.08,9.83
TNG.MEK.KETENGBAN_BIME,Nuclear_Trans_New_Guinea,140.5,-4.5
AuA.KHASIAN.KHASI,Austroasiatic,92.0,25.5
AuA.KHASIAN.KHASI_2,Austroasiatic,92.0,25.5
AuA.KHMER.KHMER,Austroasiatic,105.0,12.5
AuA.KHMER.KHMER_2,Austroasiatic,105.0,12.5
AuA.PALAUNG_KHMUIC.KHMU,Austroasiatic,102.0,21.0
AuA.PALAUNG_KHMUIC.KHMU_2,Austroasiatic,102.0,21.0
May.MAYAN.KICHE,Mayan,-91.42,15.0
May.MAYAN.KICHEE_ALDEA_ARGUETA_SOLOLA,Mayan,-91.5,14.78
May.MAYAN.KICHEE_CANTEL,Mayan,-91.5,14.78
May.MAYAN.KICHEE_CHICHICASTENANGO,Mayan,-91.08,15.0
May.MAYAN.KICHEE_CUBULCO,Mayan,-90.5,15.17
May.MAYAN.KICHEE_CUNEN_1,Mayan,-91.0,15.83
May.MAYAN.KICHEE_CUNEN_2,Mayan,-91.0,15.83
May.MAYAN.KICHEE_JOYABAJ_1,Mayan,-90.87,15.0
May.MAYAN.KICHEE_JOYABAJ_2,Mayan,-90.87,15.0
May.MAYAN.KICHEE_MOMOSTENANGO,Mayan,-91.5,14.78
May.MAYAN.KICHEE_NAHUALA_1,Mayan,-91.5,14.78
May.MAYAN.KICHEE_NAHUALA_2,Mayan,-91.5,14.78
May.MAYAN.KICHEE_SAMAYAC_1,Mayan,-91.5,14.78
May.MAYAN.KICHEE_SAMAYAC_2,Mayan,-91.5,14.78
May.MAYAN.KICHEE_SANTA_CLARA_LA_LAGUNA,Mayan,-91.5,14.78
May.MAYAN.KICHEE_SANTA_CRUZ_DE_EL_QUICHE,Mayan,-91.42,15.0
May.MAYAN.KICHEE_SANTA_LUCIA_UTATLAN,Mayan,-91.5,14.78
May.MAYAN.KICHEE_SANTA_MARIA_CHIQUIMULA_1,Mayan,-91.42,15.0
May.MAYAN.KICHEE_SANTA_MARIA_CHIQUIMULA_2,Mayan,-91.42,15.0
May.MAYAN.KICHEE_SAN_ANTONIO_ILOTENANGO,Mayan,-91.42,15.0
May.MAYAN.KICHEE_SAN_JOSE_CHIQUILAJA_QUETZ,Mayan,-91.5,14.78
May.MAYAN.KICHEE_SAN_MIGUEL_CHICAJ,Mayan,-91.08,15.0
May.MAYAN.KICHEE_TOTONICAPAN_1,Mayan,-91.42,15.0
May.MAYAN.KICHEE_TOTONICAPAN_2,Mayan,-91.42,15.0
May.MAYAN.KICHEE_ZACUALPA,Mayan,-91.08,15.0
May.MAYAN.KICHEE_ZUNIL,Mayan,-91.5,14.78
An.SOUTH_SULAWESI.KIHA,Austronesian,119.08,-3.08
An.OCEANIC.KILIVILA,Austronesian,151.08,-8.5
An.CENTRAL_MALAYO_POLYNESIAN.KISAR,Austronesian,127.12,-8.08
Cad.CADDOAN.KITSAI,Caddoan,-96.5,31.83
Pen.KLAMATH_MODOC.KLAMATH,Klamath-Modoc,-121.5,42.5
Mus.MUSKOGEAN.KOASATI,Muskogean,-92.64,30.46
TNG.MADANG.KOBON,Nuclear_Trans_New_Guinea,144.33,-5.17
PN.WESTERN_PAMA_NYUNGAN.KOKATA,Pama-Nyungan,134.0,-30.0
PN.NORTHERN_PAMA_NYUNGAN.KOKO_YALANDJI,Pama-Nyungan,145.0,-16.0
Yka.YUKAGHIR.KOLYMA_YUKAGIR,Yukaghir,150.83,65.75
Ura.PERMIC.KOMI_PERMYAK,Uralic,54.5,59.5
Ura.PERMIC.KOMI_ZYRIAN,Uralic,55.0,65.0
NC.BANTOID.KONGO_MBOMA,Atlantic-Congo,15.0,-5.0
Pan.PANOAN.KONIBO,Pano-Tacanan,-75.0,-7.5
An.SOUTH_SULAWESI.KONJO,Austronesian,120.33,-5.47
NC.BANTOID.KOONGO,Atlantic-Congo,15.0,-5.0
NC.GUR.KOROMFE,Atlantic-Congo,-0.92,14.25
An.LAMPUNGIC.KOTA_AGUNG_LAMPUNG_API,Austronesian,105.0,-5.0
Kad.KADUGLI.KRONGO,Kadugli-Krongo,30.0,10.5
An.LAMPUNGIC.KRUI_LAMPUNG_API,Austronesian,105.0,-5.0
NDa.LEZGIC.KUBA_LEZGI,Nakh-Daghestanian,48.51,41.36
Knm.KUNAMA.KUNAMA,Kunama,37.0,14.5
PN.NORTHERN_PAMA_NYUNGAN.KUNJEN,Pama-Nyungan,142.5,-16.5
ST.CHINESE.KUNMING_MANDARIN,Sino-Tibetan,102.7,25.06
Alt.TUNGUSIC.KUR_URMI,Tungusic,134.14,48.5
Ktn.KUTENAI.KUTENAI,Kutenai,-116.0,49.5
PN.NORTHERN_PAMA_NYUNGAN.KUUKU_YAU,Pama-Nyungan,143.08,-12.58
AA.SEMITIC.KUWAITI_ARABIC,Afro-Asiatic,47.98,29.37
An.OCEANIC.KWAIO,Austronesian,161.0,-8.95
Wak.NORTHERN_WAKASHAN.KWAKWALA,Wakashan,-127.0,51.0
IE.IRANIAN.LAKKI_MARWAT_PASHTO,Indo-European,70.91,32.6
An.CENTRAL_MALAYO_POLYNESIAN.LAMAHOLOT_ILE_MANDIRI,Austronesian,122.75,-8.25
PN.NORTHERN_PAMA_NYUNGAN.LAMALAMA_COASTAL,Pama-Nyungan,144.17,-14.5
PN.NORTHERN_PAMA_NYUNGAN.LAMALAMA_INLAND,Pama-Nyungan,143.83,-14.83
An.LAMPUNGIC.LAMPUNG,Austronesian,105.0,-5.0
ESu.NILOTIC.LANGO,Nilotic,33.0,2.17
IE.ROMANCE.LANGUEDOCIEN,Indo-European,3.33,45.7
An.CENTRAL_MALAYO_POLYNESIAN.LARIKE_WAKASIHU,Austronesian,127.92,-3.0
DR.LARAGIA.LARRAKIA,Larrakiyan,130.83,-12.67
IE.INDIC.LATVIAN_ROMANI,Indo-European,24.03,56.23
An.CELEBIC.LAUJE,Austronesian,120.0,-0.5
An.CELEBIC.LAUJE_AMPIBABO,Austronesian,120.0,-0.5
SoP.LAVUKALEVE.LAVUKALEVE,Lavukaleve,159.2,-9.08
OM.CHINANTECAN.LEALAO_CHINANTEC,Otomanguean,-95.92,17.33
An.GREATER_CENTRAL_PHILIPPINE.LEGAZPI,Austronesian,123.5,13.33
An.OCEANIC.LENAKEL_LENAUKAS,Austronesian,169.34,-19.38
An.OCEANIC.LENAKEL_LONASILIAN,Austronesian,169.24,-19.47
PN.NORTHERN_PAMA_NYUNGAN.LENINGITIJ,Pama-Nyungan,141.8,-12.8
An.CENTRAL_MALAYO_POLYNESIAN.LETINESE,Austronesian,127.67,-8.2
An.CENTRAL_MALAYO_POLYNESIAN.LEWA_KAMBERA,Austronesian,120.08,-9.75
NDa.LEZGIC.LEZGI,Nakh-Daghestanian,47.83,41.67
ST.BODIC.LHASA_TIBETAN,Sino-Tibetan,91.1,29.65
PN.NORTHERN_PAMA_NYUNGAN.LINNGITHIGH,Pama-Nyungan,141.8,-12.8
IE.BALTIC.LITHUANIAN,Indo-European,24.0,55.0
IE.INDIC.LITHUANIAN_ROMANI,Indo-European,22.58,53.03
Ura.FINNIC.LIVE,Uralic,24.0,56.83
Arw.CARIBBEAN_ARAWAKAN.LOKONO,Arawakan,-55.17,5.5
PN.CENTRAL_PAMA_NYUNGAN.LOWER_ARANDA,Pama-Nyungan,132.5,-24.0
An.CENTRAL_MALAYO_POLYNESIAN.LUANG,Austronesian,128.0,-8.17
UA.CALIFORNIA_UTO_AZTECAN.LUISENO,Uto-Aztecan,-117.17,33.33
NC.BANTOID.LUVALE,Atlantic-Congo,22.0,-12.0
IE.SLAVIC.MACEDONIAN,Indo-European,21.75,41.67
Car.CARIBAN.MACUSHI,Cariban,-60.0,4.0
An.OCEANIC.MAE,Austronesian,167.25,-16.0
An.OCEANIC.MAE_ORAP,Austronesian,167.28,-15.97
An.SOUTH_HALMAHERA_WEST_NEW_GUINEA.MAILOA,Austronesian,127.5,0.0
TNG.MAIRASI_TANAHMERAH.MAIRASI,Mairasic,134.0,-3.5
IE.INDIC.MAITHILI,Indo-European,86.0,26.0
WP.NORTH_CENTRAL_BIRDS_HEAD.MAI_BRAT,Maybrat,132.5,-1.33
Wak.SOUTHERN_WAKASHAN.MAKAH,Wakashan,-124.67,48.33
An.SOUTH_SULAWESI.MAKASAR,Austronesian,119.6,-5.42
An.SOUTH_SULAWESI.MAKASSARESE,Austronesian,119.58,-5.42
Car.CARIBAN.MAKUSHI,Cariban,-60.0,4.0
An.BARITO.MALAGASY_AMBOSITRA,Austronesian,47.25,-20.52
An.BARITO.MALAGASY_FIANARANTSOA,Austronesian,47.09,-21.45
An.BARITO.MALAGASY_MERINA,Austronesian,47.52,-18.93
An.BARITO.MALAGASY_PLATEAU_BETSILEO_FIANARANTSOA,Austronesian,47.08,-21.45
An.BARITO.MALAGASY_PLATEAU_MERINA_ANTANANARIVO,Austronesian,47.52,-18.9
An.BARITO.MALAGASY_PLATEAU_SIHANAKA_AMBATONDRAZAKA,Austronesian,48.42,-17.87
An.BARITO.MALAGASY_SIHANAKA,Austronesian,48.54,-17.47
An.BARITO.MALAGASY_TAIMORO,Austronesian,47.9,-22.5
An.ENGGANO.MALAKONI_ENGGANO,Austronesian,102.27,-5.4
An.JAVANESE.MALANG,Austronesian,112.62,-7.97
Dra.SOUTHERN_DRAVIDIAN.MALAYALAM,Dravidian,76.5,10.0
AA.SEMITIC.MALTESE,Afro-Asiatic,14.42,35.92
AA.SEMITIC.MALTESE_ARABIC,Afro-Asiatic,14.42,35.92
An.SOUTH_SULAWESI.MAMBI,Austronesian,119.25,-2.75
May.MAYAN.MAM_CABRICAN,Mayan,-91.83,15.42
May.MAYAN.MAM_CAJOLA,Mayan,-91.83,15.42
May.MAYAN.MAM_CONSEPCION_CHIQUIRICHAPA,Mayan,-91.83,15.42
May.MAYAN.MAM_NORTHERN,Mayan,-91.83,15.0
May.MAYAN.MAM_SANTA_BARBARA,Mayan,-91.83,15.42
May.MAYAN.MAM_SANTIAGO_CHIMALTENANGO,Mayan,-91.83,15.42
May.MAYAN.MAM_SAN_GASPAR_IXCHIL,Mayan,-91.83,15.42
May.MAYAN.MAM_SAN_ILDEFONSO_IXTAHUACAN,Mayan,-91.83,15.0
May.MAYAN.MAM_SAN_JUAN_ATITLAN,Mayan,-91.83,15.42
May.MAYAN.MAM_SAN_JUAN_OSTUNCALCO,Mayan,-91.83,15.42
May.MAYAN.MAM_SAN_MARTIN_SACATEPEQUEZ,Mayan,-91.83,15.42
May.MAYAN.MAM_SAN_MIGUEL_SIGUILA,Mayan,-91.83,15.42
May.MAYAN.MAM_SAN_PEDRO_NECTA,Mayan,-91.83,15.42
May.MAYAN.MAM_SAN_RAFAEL_PETZAL,Mayan,-91.83,15.0
May.MAYAN.MAM_SAN_SEBASTIAN_H,Mayan,-91.83,15.0
May.MAYAN.MAM_TACANA_1,Mayan,-92.13,15.3
May.MAYAN.MAM_TACANA_2,Mayan,-92.13,15.3
May.MAYAN.MAM_TACANA_3,Mayan,-92.13,15.3
May.MAYAN.MAM_TODOS_SANTOS_CUCHUMATAN_1,Mayan,-91.5,15.5
May.MAYAN.MAM_TODOS_SANTOS_CUCHUMATAN_2,Mayan,-91.5,15.5
May.MAYAN.MAM_TODOS_SANTOS_CUCHUMATAN_3,Mayan,-91.5,15.5
An.OCEANIC.MANAM,Austronesian,145.0,-4.0
ST.CHINESE.MANDARIN,Sino-Tibetan,110.0,34.0
ST.CHINESE.MANDARIN_2,Sino-Tibetan,110.0,34.0
MM.MANGARRAYI.MANGARAYI,Mangarrayi-Maran,133.5,-14.67
An.CENTRAL_MALAYO_POLYNESIAN.MANGGARAI,Austronesian,120.33,-8.67
An.GREATER_CENTRAL_PHILIPPINE.MANOBO_TIGWA,Austronesian,125.08,7.67
Ura.UGRIC.MANSI,Uralic,62.0,62.0
PN.WESTERN_PAMA_NYUNGAN.MANTJILTJARA,Pama-Nyungan,125.08,-22.67
IE.CELTIC.MANX,Indo-European,-4.5,54.17
An.OCEANIC.MAORI,Austronesian,176.0,-40.0
Arc.ARAUCANIAN.MAPUDUNGUN,Araucanian,-72.0,-38.0
Arc.ARAUCANIAN.MAPUDUNGUN_2,Araucanian,-72.0,-38.0
Arc.ARAUCANIAN.MAPUDUNGUN_3,Araucanian,-72.0,-38.0
WD.WAGAYDY.MARANUNGGU,Western_Daly,130.0,-13.67
PN.NORTHERN_PAMA_NYUNGAN.MARGANY,Pama-Nyungan,144.5,-27.0
Hok.YUMAN.MARICOPA,Cochimi-Yuman,-113.17,33.17
Mar.MARIND_PROPER.MARINDINEESCH,Anim,140.17,-7.83
An.GREATER_CENTRAL_PHILIPPINE.MARINDUQUE_TAGALOG,Austronesian,121.0,15.0
PN.WESTERN_PAMA_NYUNGAN.MARTUTHUNIRA,Pama-Nyungan,116.5,-20.83
PN.WESTERN_PAMA_NYUNGAN.MARTU_WANGKA,Pama-Nyungan,126.0,-21.5
Mat.MATACOAN.MATACO,Matacoan,-62.58,-22.5
An.SOUTH_SULAWESI.MATANANGNGA,Austronesian,119.08,-3.08
Iwa.IWAIDJAN.MAWNG,Iwaidjan_Proper,133.5,-11.92
PN.NORTHERN_PAMA_NYUNGAN.MBABARAM,Pama-Nyungan,145.0,-17.17
Ura.MARI.MEADOW_MARI,Uralic,48.0,57.0
An.SOUTH_SULAWESI.MEHALAAN,Austronesian,119.08,-3.08
Alg.ALGONQUIAN.MENOMINEE,Algic,-88.33,45.5
An.NORTHWEST_SUMATRA_BARRIER_ISLANDS.MENTAWAI,Austronesian,99.0,-1.5
EBH.EAST_BIRDS_HEAD.MEYAH,East_Bird_s_Head,133.5,-1.17
NDa.LEZGIC.MIKRAKH_LEZGI,Nakh-Daghestanian,47.88,41.37
An.MALAYO_SUMBAWAN.MINANGKABAU,Austronesian,101.0,-1.0
An.SOUTH_SULAWESI.MINANGNGA,Austronesian,119.08,-3.08
IE.IRANIAN.MIRAN_SHAH_PASHTO,Indo-European,70.07,33.0
Mis.MISUMALPAN.MISKITO,Misumalpan,-83.67,14.0
Iro.NORTHERN_IROQUOIAN.MOHAWK,Iroquoian,-74.25,43.5
Ura.MORDVIN.MOKSCHA_MORDWINISCH,Uralic,44.0,54.0
Alt.MONGOLIC.MONGOLIAN,Mongolic,105.0,47.0
An.GREATER_CENTRAL_PHILIPPINE.MONGONDOW,Austronesian,124.0,0.67
An.OCEANIC.MOORIORI,Austronesian,-176.53,-44.0
PN.NORTHERN_PAMA_NYUNGAN.MPAKWITHI_ANGUTHIMRI,Pama-Nyungan,141.83,-12.33
ND.NORTHERN_DALY.MULLUKMULLUK,Northern_Daly,130.42,-13.42
An.CELEBIC.MUNA,Austronesian,122.42,-5.0
AuA.MUNDA.MUNDARI,Austroasiatic,84.67,23.0
AuA.MUNDA.MUNDARI_2,Austroasiatic,84.67,23.0
LSR.LOWER_SEPIK.MURIK,Lower_Sepik-Ramu,144.25,-3.83
ESu.SURMIC.MURLE,Surmic,33.5,6.5
Brs.BURUSHASKI.MURTAZABAD_HUNZA_BURUSHASKI,Burushaski,74.5,36.5
PN.SOUTHEASTERN_PAMA_NYUNGAN.MURUWARI,Pama-Nyungan,147.0,-28.75
NC.BANTOID.MWINI,Atlantic-Congo,39.0,-6.5
NC.BANTOID.MWINI_2,Atlantic-Congo,39.0,-6.5
An.GREATER_CENTRAL_PHILIPPINE.NAGA,Austronesian,123.5,13.33
Nam.NAMBIKUARAN.NAMBIKWARA,Nambiquaran,-59.0,-13.0
IE.SLAVIC.NASHTA,Indo-European,22.98,40.74
NDe.ATHAPASKAN.NAVAHO,Athabaskan-Eyak-Tlingit,-108.0,36.17
NDe.ATHAPASKAN.NAVAJO,Athabaskan-Eyak-Tlingit,-108.0,36.17
Brs.BURUSHASKI.NAZIMABAD_HUNZA_BURUSHASKI,Burushaski,74.5,36.5
Ura.SAMOYEDIC.NENETS,Uralic,72.0,69.0
An.OCEANIC.NENGONE,Austronesian,168.0,-21.5
AA.SEMITIC.NEO_ARAMAIC,Afro-Asiatic,35.0,31.75
Pen.SAHAPTIAN.NEZ_PERCE,Sahaptian,-116.0,46.0
Pen.MAIDUAN.NE_MAIDU,Maiduan,-120.67,40.0
An.CENTRAL_MALAYO_POLYNESIAN.NGADHA,Austronesian,121.0,-8.83
An.CENTRAL_MALAYO_POLYNESIAN.NGAIBOR,Austronesian,134.07,-6.72
An.BARITO.NGAJU_BAAMANG,Austronesian,113.17,-0.75
An.BARITO.NGAJU_OLOH_MANGTANGAI,Austronesian,113.0,-0.83
An.BARITO.NGAJU_PULOPETAK,Austronesian,109.83,1.42
Gun.NGALAKAN.NGALAKAN,Gunwinyguan,134.0,-14.25
Wor.WORRORRAN.NGARINYIN,Worrorran,126.0,-16.33
An.SOUTH_HALMAHERA_WEST_NEW_GUINEA.NGOFAGITA,Austronesian,127.5,0.0
An.SOUTH_HALMAHERA_WEST_NEW_GUINEA.NGOFAKIAHA,Austronesian,127.5,0.0
NC.BANTOID.NGONI_2,Atlantic-Congo,30.0,-30.0
An.NORTHWEST_SUMATRA_BARRIER_ISLANDS.NIAS_NORTHERN,Austronesian,97.75,1.0
An.NORTHWEST_SUMATRA_BARRIER_ISLANDS.NIAS_SOUTHERN,Austronesian,97.75,1.0
Yan.YANOMAM.NINAM,Yanomamic,-62.83,3.5
Tor.WAPEI_PALEI.NINGIL,Nuclear_Torricelli,142.25,-3.5
IE.SLAVIC.NINILCHIK_RUSSIAN,Indo-European,-151.54,59.99
May.MAYAN.NORTHERN_MAM_SAN_ILDEFONSO_IXTAHUACAN,Mayan,-91.83,15.42
Pen.MIWOK.NORTHERN_SIERRA_MIWOK,Miwok-Costanoan,-120.67,38.33
IE.INDIC.NORTH_RUSSIAN_ROMANI,Indo-European,38.0,60.0
Ura.SAAMI.NORTH_SAAMI,Uralic,24.0,69.0
An.SOUTH_HALMAHERA_WEST_NEW_GUINEA.NUMFOR,Austronesian,134.9,-1.05
Gun.NUNGGUBUYU.NUNGGUBUYU,Gunwinyguan,135.67,-13.75
PN.NORTHERN_PAMA_NYUNGAN.NYAWAYGI,Pama-Nyungan,146.17,-19.0
PN.WESTERN_PAMA_NYUNGAN.NYOONGAR,Pama-Nyungan,122.0,-33.75
PN.WESTERN_PAMA_NYUNGAN.NYUNGA_EASTERN,Pama-Nyungan,122.0,-33.75
PN.WESTERN_PAMA_NYUNGAN.NYUNGA_NORTHERN,Pama-Nyungan,122.0,-33.75
PN.WESTERN_PAMA_NYUNGAN.NYUNGA_SOUTH_WESTERN,Pama-Nyungan,122.0,-33.75
LP.LAKES_PLAIN.OBOKUITAI,Lakes_Plain,138.0,-3.0
IE.ROMANCE.OCCITAN_ARANESE,Indo-European,0.84,42.72
An.OCEANIC.ONEIBIA_AROSI,Austronesian,161.33,-10.25
Iro.NORTHERN_IROQUOIAN.ONEIDA,Iroquoian,-75.67,43.0
TNG.FINISTERRE_HUON.ONO,Nuclear_Trans_New_Guinea,147.42,-6.17
Alt.TUNGUSIC.OROCH,Tungusic,137.5,50.33
Alt.TUNGUSIC.OROCHI,Tungusic,137.5,50.33
An.OCEANIC.PAAMA_FAULILI,Austronesian,168.35,-16.52
An.OCEANIC.PAAMA_LAUL,Austronesian,168.27,-16.71
An.OCEANIC.PAAMA_LIRONESA,Austronesian,168.24,-16.48
An.CELEBIC.PADOE,Austronesian,121.33,-2.33
WP.NORTH_HALMAHERAN.PAGU,North_Halmahera,127.75,1.25
An.PAIWAN.PAIWAN,Austronesian,120.8,22.5
CW.CHAPACURA_WANHAN.PAKAANOVA,Chapacuran,-65.0,-11.33
AA.SEMITIC.PALESTINIAN_ARABIC,Afro-Asiatic,35.25,32.0
An.SOUTH_SULAWESI.PALLU,Austronesian,119.67,-3.08
UA.NUMIC.PANAMINT,Uto-Aztecan,-117.0,37.0
Alg.ALGONQUIAN.PASSAMAQUODDY_MALISEET_UnnamedInSource,Algic,-67.0,45.0
An.CENTRAL_MALAYO_POLYNESIAN.PAULOHI,Austronesian,128.8,-3.25
Aru.ARAUAN.PAUMARI,Arawan,-64.0,-6.0
NC.BANTOID.PEMBA,Atlantic-Congo,39.0,-6.5
IE.IRANIAN.PERSIAN,Indo-European,54.0,32.0
PN.WESTERN_PAMA_NYUNGAN.PINTUPI,Pama-Nyungan,129.0,-23.0
Mur.MURA.PIRAHA,Mura-Piraha,-62.0,-7.0
PN.CENTRAL_PAMA_NYUNGAN.PITTA_PITTA,Pama-Nyungan,140.0,-22.83
IE.SLAVIC.POLISH,Indo-European,20.0,52.0
Hok.POMOAN.POMO_EASTERN,Pomoan,-123.67,39.0
May.MAYAN.POQOMCHI_WESTERN,Mayan,-90.5,15.42
IE.ROMANCE.PORTUGUESE,Indo-European,-8.0,39.0
An.LAMPUNGIC.PUBIAN_LAMPUNG_API,Austronesian,105.0,-5.0
Sal.CENTRAL_SALISH.PUGET_SALISH,Salishan,-122.5,47.25
Aym.AYMARAN.PUKI,Aymaran,-69.0,-17.0
An.OCEANIC.PULUWATESE,Austronesian,149.3,7.33
Tar.TARASCAN.PUREPECHA,Tarascan,-101.67,19.5
Tar.TARASCAN.PURHEPECHA,Tarascan,-101.67,19.5
Tar.TARASCAN.PURHEPECHA_2,Tarascan,-101.67,19.5
Que.QUECHUAN.QUECHUA_ABANCAY_TINTAY,Quechuan,-73.19,-13.96
Que.QUECHUAN.QUECHUA_AYACUCHO,Quechuan,-74.2,-13.11
Que.QUECHUAN.QUECHUA_IMBABURA,Quechuan,-78.0,0.33
May.MAYAN.QUICHE,Mayan,-91.42,15.0
Que.QUECHUAN.QUICHUA_IMBABURA_2,Quechuan,-78.23,0.27
Chi.RAMA.RAMA,Chibchan,-83.75,11.75
An.LAMPUNGIC.RANAU_LAMPUNG_API,Austronesian,105.0,-5.0
ST.BODIC.RANG_PAS,Sino-Tibetan,79.33,30.33
Arc.ARAUCANIAN.RANQUELCHE,Araucanian,-72.0,-38.0
An.SOUTH_SULAWESI.RANTEPALADO,Austronesian,119.08,-3.08
An.OCEANIC.RAPA_NUI,Austronesian,-109.0,-27.0
An.SANGIRIC.RATAHAN,Austronesian,124.83,1.08
PN.WESTERN_PAMA_NYUNGAN.RITHARNGU,Pama-Nyungan,135.5,-12.83
IE.ROMANCE.ROMANIAN,Indo-European,25.0,46.0
IE.ROMANCE.ROMANIAN_2,Indo-European,25.0,46.0
IE.ROMANCE.ROMANSH_GRISHUN,Indo-European,9.93,46.55
IE.ROMANCE.ROMANSH_SURMIRAN,Indo-European,9.93,46.55
IE.ROMANCE.ROMANSH_SURSILVAN,Indo-European,8.83,46.67
IE.ROMANCE.ROMANSH_VALLADER,Indo-European,9.93,46.55
An.OCEANIC.RORO,Austronesian,146.6,-8.75
An.OCEANIC.ROTUMAN,Austronesian,177.07,-12.5
An.OCEANIC.ROTUMAN_2,Austronesian,177.07,-12.5
IE.SLAVIC.RUSSIAN,Indo-European,38.0,56.0
An.SOUTH_SULAWESI.SADAN,Austronesian,119.75,-3.0
AA.LOWLAND_EAST_CUSHITIC.SAHO,Afro-Asiatic,39.75,14.75
AA.LOWLAND_EAST_CUSHITIC.SAHO_2,Afro-Asiatic,39.75,14.75
WP.NORTH_HALMAHERAN.SAHU,North_Halmahera,127.5,1.17
An.SOUTH_HALMAHERA_WEST_NEW_GUINEA.SAKETA,Austronesian,127.5,0.0
An.SOUTH_SULAWESI.SALUDENGAN,Austronesian,119.08,-3.08
An.SOUTH_SULAWESI.SALU_HUHU,Austronesian,119.08,-3.08
An.SOUTH_SULAWESI.SALU_MAKA,Austronesian,119.08,-3.08
An.BARITO.SAMIHIM,Austronesian,115.08,-2.08
An.SANGIRIC.SANGIR,Austronesian,125.5,3.5
An.SANGIRIC.SANGIR_2,Austronesian,125.5,3.5
Yan.YANOMAM.SANIMA,Yanomamic,-64.67,4.5
Yan.YANOMAM.SANUMA,Yanomamic,-64.67,4.5
AA.SEMITIC.SAN_ANDRES_ARABIC_1,Afro-Asiatic,-81.7,12.58
AA.SEMITIC.SAN_ANDRES_ARABIC_2,Afro-Asiatic,-81.7,12.58
AA.SEMITIC.SAN_ANDRES_ARABIC_3,Afro-Asiatic,-81.7,12.58
An.CENTRAL_MALAYO_POLYNESIAN.SAPOLEWA_SOOW_KWELE_ULUI_SERAM,Austronesian,128.33,-3.0
IE.ROMANCE.SARDINIAN_CAMPIDANESE,Indo-European,9.04,39.06
An.SOUTH_HALMAHERA_WEST_NEW_GUINEA.SAWAI_UnnamedInSource,Austronesian,128.0,0.5
AuA.BAHNARIC.SEDANG,Austroasiatic,108.0,14.83
An.CENTRAL_MALAYO_POLYNESIAN.SELARU,Austronesian,131.0,-8.2
An.SOUTH_SULAWESI.SELAYAR,Austronesian,120.5,-6.0
TNG.FINISTERRE_HUON.SELEPET,Nuclear_Trans_New_Guinea,147.17,-6.17
Ura.SAMOYEDIC.SELKUP,Uralic,82.0,65.0
AuA.ASLIAN.SEMELAI,Austroasiatic,103.0,3.0
Iro.NORTHERN_IROQUOIAN.SENECA,Iroquoian,-77.5,42.5
NC.GUR.SENOUFO_SUPYIRE,Atlantic-Congo,-5.58,11.5
Snt.SENTANI.SENTANI,Sentanic,140.58,-2.58
An.SOUTH_SULAWESI.SEPANG,Austronesian,119.08,-3.08
Hok.SERI.SERI,Seri,-112.0,29.0
Pan.PANOAN.SHIPIBO,Pano-Tacanan,-75.0,-7.5
Yan.YANOMAM.SHIRISHANA,Yanomamic,-62.83,3.5
An.NORTHWEST_SUMATRA_BARRIER_ISLANDS.SICHULE,Austronesian,96.0,2.67
LP.LAKES_PLAIN.SIKARITAI,Lakes_Plain,138.25,-2.92
IE.INDIC.SINDHI,Indo-European,69.0,26.0
An.CELEBIC.SINDUE_TAWAILI,Austronesian,120.0,-1.17
An.OCEANIC.SIO,Austronesian,147.33,-5.95
IE.SLAVIC.SLOVAK,Indo-European,20.0,49.0
IE.SLAVIC.SLOVENIAN,Indo-European,15.0,46.0
An.SOUTH_SULAWESI.SODANGAN,Austronesian,119.08,-3.08
Alt.TUNGUSIC.SOLON,Tungusic,119.75,49.14
An.SOUTH_HALMAHERA_WEST_NEW_GUINEA.SOMA,Austronesian,127.5,0.0
An.SOUTH_SULAWESI.SOPPENG_BUGINESE,Austronesian,119.88,-4.35
An.OCEANIC.SOUTHEAST_AMBRYM_MAAT,Austronesian,168.3,-16.3
An.OCEANIC.SOUTHEAST_AMBRYM_TOAK,Austronesian,168.22,-16.35
PN.CENTRAL_PAMA_NYUNGAN.SOUTHERN_ARANDA,Pama-Nyungan,132.5,-24.0
An.CENTRAL_MALAYO_POLYNESIAN.SOUTHERN_KAMBERA,Austronesian,120.17,-9.83
May.MAYAN.SOUTHERN_MAM_SAN_JUAN_OSTUNCALCO,Mayan,-91.83,15.42
UA.NUMIC.SOUTHERN_PAIUTE,Uto-Aztecan,-113.33,37.83
UA.TEPIMAN.SOUTHERN_TEPEHUAN,Uto-Aztecan,-104.0,23.0
An.OCEANIC.SOUTHWEST_TANNA_ENFITANA,Austronesian,169.4,-19.57
An.OCEANIC.SOUTHWEST_TANNA_IKITI,Austronesian,169.37,-19.63
An.OCEANIC.SOUTHWEST_TANNA_IKIYAU,Austronesian,169.4,-19.54
An.OCEANIC.SOUTHWEST_TANNA_IMREANG,Austronesian,169.32,-19.52
An.OCEANIC.SOUTHWEST_TANNA_LAPWANGTOAI,Austronesian,169.33,-19.48
An.OCEANIC.SOUTH_ISLAND_MAORI,Austronesian,173.0,-43.0
IE.ROMANCE.SPANISH,Indo-European,-4.0,40.0
Sal.INTERIOR_SALISH.SPOKANE,Salishan,-117.75,47.67
Sal.CENTRAL_SALISH.SQUAMISH,Salishan,-123.17,49.67
IE.GERMANIC.STANDARD_GERMAN,Indo-European,10.0,52.0
An.PAIWAN.STIMUL_PAIWAN,Austronesian,120.83,22.5
EA.ESKIMO.ST_LAWRENCE_YUPIK,Eskimo-Aleut,-170.5,63.5
An.LAMPUNGIC.SUKAU_LAMPUNG_API,Austronesian,105.0,-5.0
Aym.AYMARAN.SULLKATITI_TITIRI,Aymaran,-69.0,-17.0
An.MALAYO_SUMBAWAN.SUNDANESE,Austronesian,107.0,-7.0
An.LAMPUNGIC.SUNGKAI_LAMPUNG_API,Austronesian,105.0,-5.0
TNG.MADANG.SUROI,Nuclear_Trans_New_Guinea,146.0,-5.5
NC.BANTOID.SWAHILI,Atlantic-Congo,39.0,-6.5
NC.BANTOID.SWAHILI_2,Atlantic-Congo,39.0,-6.5
NC.BANTOID.SWAHILI_CHIRAZI,Atlantic-Congo,39.43,-4.02
NC.BANTOID.SWAHILI_MAKUNDUCHI,Atlantic-Congo,39.75,-7.87
NC.BANTOID.SWAHILI_MVITA,Atlantic-Congo,39.53,-3.93
NC.BANTOID.SWAHILI_PATE,Atlantic-Congo,41.1,-2.07
NC.BANTOID.SWAHILI_PEMBA,Atlantic-Congo,39.52,-5.17
NC.BANTOID.SWAHILI_SUD,Atlantic-Congo,39.0,-6.5
NC.BANTOID.SWAHILI_TIKUU,Atlantic-Congo,41.18,-1.87
NC.BANTOID.SWAHILI_VUMBA,Atlantic-Congo,39.27,-4.53
IE.GERMANIC.SWEDISH,Indo-European,15.0,60.0
AA.SEMITIC.SYRIAN_ARABIC,Afro-Asiatic,38.0,34.0
Pen.MIWOK.S_SIERRA_MIWOK,Miwok-Costanoan,-120.0,37.5
WP.NORTH_HALMAHERAN.TABARU,North_Halmahera,127.25,1.5
Snt.SENTANI.TABLA,Sentanic,140.42,-2.45
Snt.SENTANI.TABLA_C,Sentanic,140.42,-2.45
Snt.SENTANI.TABLA_UNKNOWN_DIAL,Sentanic,140.42,-2.45
Snt.SENTANI.TABLA_W,Sentanic,140.42,-2.45
An.SOUTH_SULAWESI.TABULAHAN_CAMPBELL,Austronesian,119.25,-2.75
An.SOUTH_SULAWESI.TABULAHAN_MCKENZIE,Austronesian,119.25,-2.75
Tac.TACANAN.TACANA,Pano-Tacanan,-68.0,-13.5
An.GREATER_CENTRAL_PHILIPPINE.TAGALOG,Austronesian,121.0,15.0
An.SOUTH_HALMAHERA_WEST_NEW_GUINEA.TAHANE,Austronesian,127.5,0.0
An.OCEANIC.TAHITIAN,Austronesian,-149.58,-17.67
An.OCEANIC.TAHITIAN_2,Austronesian,-149.58,-17.67
IE.IRANIAN.TAJIK,Indo-European,70.0,38.4
An.LAMPUNGIC.TALANG_PADANG_LAMPUNG_API,Austronesian,105.0,-5.0
An.SANGIRIC.TALAUD,Austronesian,126.75,4.25
AA.BERBER.TAMAZIGHT_CENTRAL_ATLAS_AYT_IZDEG,Afro-Asiatic,-4.4,33.2
AA.BERBER.TAMAZIGHT_CENTRAL_ATLAS_AYT_NDHIR,Afro-Asiatic,-4.4,33.2
AA.BERBER.TAMAZIGHT_CENTRAL_ATLAS_NTIFA,Afro-Asiatic,-4.4,33.2
An.SOUTH_SULAWESI.TANETE,Austronesian,119.08,-3.08
TNG.DANI.TANGMA_DANI,Nuclear_Trans_New_Guinea,138.42,-4.42
An.SOUTH_SULAWESI.TAORA,Austronesian,119.08,-3.08
An.CELEBIC.TARA,Austronesian,120.0,-1.17
An.CENTRAL_MALAYO_POLYNESIAN.TARANGAN_BARAT_FERUNI,Austronesian,134.17,-6.5
Tar.TARASCAN.TARASCAN,Tarascan,-101.67,19.5
AA.BERBER.TASHELHIT_IDA_USEMLAL,Afro-Asiatic,-9.61,29.53
An.SOUTH_SULAWESI.TAUPE,Austronesian,119.67,-3.08
An.OCEANIC.TAWALA,Austronesian,150.67,-10.33
Chn.CHON_PROPER.TEHUELCHE,Chonan,-68.0,-48.0
An.CENTRAL_MALAYO_POLYNESIAN.TERMANU,Austronesian,123.3,-10.67
UA.AZTECAN.TETELCINGO_NAHUATL,Uto-Aztecan,-99.0,19.67
PN.SOUTHEASTERN_PAMA_NYUNGAN.THURAWAL,Pama-Nyungan,150.5,-34.5
ST.BODIC.TIBETAN_CENTRAL,Sino-Tibetan,91.0,30.0
ST.BODIC.TIBETAN_LHASA,Sino-Tibetan,91.0,30.0
ST.BODIC.TIBETAN_WRITTEN,Sino-Tibetan,91.0,30.0
An.OCEANIC.TIGAK,Austronesian,150.8,-2.72
NC.BANTOID.TIKUU,Atlantic-Congo,39.0,-6.5
NC.BANTOID.TIKUU_PATE,Atlantic-Congo,39.0,-6.5
Tim.TIMUCUA.TIMUCUA,Timucua,-82.5,30.25
Hok.YUMAN.TIPAI,Cochimi-Yuman,-116.5,32.17
An.BILIC.TIRURAY,Austronesian,124.17,6.75
Tiw.TIWIAN.TIWI,Tiwi,131.0,-11.5
An.PAIWAN.TJUBAR_PAIWAN,Austronesian,120.83,22.5
An.NORTHWEST_SUMATRA_BARRIER_ISLANDS.TOBA_BATAK,Austronesian,99.0,2.5
WP.NORTH_HALMAHERAN.TOBELO_2,North_Halmahera,128.5,1.5
An.OCEANIC.TOLAI,Austronesian,152.08,-4.25
An.MINAHASAN.TONDANO,Austronesian,125.0,1.25
An.OCEANIC.TONGAN,Austronesian,-175.17,-21.17
An.OCEANIC.TONGAN_2,Austronesian,-175.17,-21.17
An.MINAHASAN.TONTEMBOAN,Austronesian,124.5,1.08
AA.SEMITIC.TRIPOLI_JEWISH_ARABIC,Afro-Asiatic,13.19,32.9
Tru.TRUMAI.TRUMAI,Trumai,-53.58,-11.92
NDa.LEZGIC.TSAKHUR,Nakh-Daghestanian,47.17,41.67
Ura.MARI.TSCHEREMISSISCH_KOZMODEMJANSK,Uralic,58.0,57.0
Ura.MARI.TSCHEREMISSISCH_URZUM,Uralic,48.0,57.0
An.OCEANIC.TUAMOTUAN,Austronesian,-144.0,-17.0
UA.CALIFORNIA_UTO_AZTECAN.TUBATULABAL,Uto-Aztecan,-118.33,36.0
UA.NUMIC.TUMPISA,Uto-Aztecan,-117.0,37.0
Tun.TUNICA.TUNICA,Tunica,-91.0,32.67
Alt.TURKIC.TURKISH,Turkic,35.0,39.0
Alt.TURKIC.TURKISH_2,Turkic,35.0,39.0
May.MAYAN.TZOTZIL_HUIXTAN,Mayan,-92.5,16.35
May.MAYAN.TZOTZIL_SAN_ANDRES,Mayan,-92.5,16.35
May.MAYAN.TZOTZIL_VENUSTIANO_CARRANZA,Mayan,-92.5,16.35
An.CENTRAL_MALAYO_POLYNESIAN.UAB_METO,Austronesian,124.3,-9.4
An.OCEANIC.ULITHIAN,Austronesian,139.58,9.92
An.CELEBIC.UMA,Austronesian,120.0,-1.83
An.CENTRAL_MALAYO_POLYNESIAN.UMBU_RATU_NGGAI_KAMBERA,Austronesian,120.25,-9.75
Alg.ALGONQUIAN.UNAMI_UnnamedInSource,Algic,-75.17,40.0
TNG.DANI.UPPER_PYRAMID_DANI,Nuclear_Trans_New_Guinea,138.5,-4.33
AA.SEMITIC.URMI,Afro-Asiatic,45.07,37.56
Tup.TUPI_GUARANI.URUBU_KAAPOR,Tupian,-46.5,-2.33
UA.NUMIC.UTE_1,Uto-Aztecan,-109.0,39.0
UA.NUMIC.UTE_2,Uto-Aztecan,-109.0,39.0
UA.NUMIC.UTE_SOUTHERN_PAIUTE,Uto-Aztecan,-113.33,37.83
Brs.BURUSHASKI.UYUM_NAGAR_BURUSHASKI,Burushaski,74.5,36.5
Alt.TURKIC.UZBEK,Turkic,66.5,40.67
IE.ROMANCE.VALENCIAN,Indo-European,-0.38,39.47
Ura.FINNIC.VOTIC,Uralic,30.0,59.5
NC.BANTOID.VUMBA,Atlantic-Congo,39.0,-6.5
PN.WESTERN_PAMA_NYUNGAN.WALMAJARRI,Pama-Nyungan,125.75,-19.5
Mir.WAMBAYAN.WAMBAYA,Mirndi,135.75,-18.67
TNG.AWJU_DUMUT.WAMBON,Nuclear_Trans_New_Guinea,140.42,-5.5
IE.IRANIAN.WANA_PASHTO,Indo-European,69.57,32.3
PN.SOUTHEASTERN_PAMA_NYUNGAN.WANGAAYBUWAN_NGIYAMBAA,Pama-Nyungan,145.5,-31.75
PN.WESTERN_PAMA_NYUNGAN.WANGKA_WIRU,Pama-Nyungan,130.0,-26.0
TNG.MADANG.WANUMA,Nuclear_Trans_New_Guinea,145.17,-4.83
Wao.WAORANI.WAORANI,Waorani,-76.5,-1.0
War.WARAO.WARAO,Warao,-61.67,9.33
Yng.YANGMANIC.WARDAMAN,Yangmanic,131.0,-15.5
PN.NORTHERN_PAMA_NYUNGAN.WARGAMAY,Pama-Nyungan,146.08,-18.58
PN.WESTERN_PAMA_NYUNGAN.WARLPIRI,Pama-Nyungan,132.33,-20.0
An.LAMPUNGIC.WAY_KANAN_LAMPUNG_API,Austronesian,105.0,-5.0
An.LAMPUNGIC.WAY_LIMA_LAMPUNG_API,Austronesian,105.0,-5.0
IE.CELTIC.WELSH,Indo-European,-3.0,52.0
IE.ARMENIAN.WESTERN_ARMENIAN,Indo-European,43.5,38.5
PN.CENTRAL_PAMA_NYUNGAN.WESTERN_ARRERNTE,Pama-Nyungan,132.5,-24.0
May.MAYAN.WESTERN_QUICHE_MOMOSTENANGO,Mayan,-91.41,14.04
May.MAYAN.WESTERN_QUICHE_SANTA_CATARINA_IXTAHUACAN,Mayan,-91.36,14.8
May.MAYAN.WESTERN_QUICHE_TOTONICAPAN,Mayan,-91.36,14.91
EA.ESKIMO.WEST_GREENLANDIC,Eskimo-Aleut,-51.0,64.0
An.OCEANIC.WEST_KARA,Austronesian,151.12,-2.83
Cad.CADDOAN.WICHITA,Caddoan,-97.33,33.33
Cad.CADDOAN.WICHITA_2,Caddoan,-97.33,33.33
Mat.MATACOAN.WICHI_LHAMTES_GUISNAY,Matacoan,-62.58,-22.5
Sio.CORE_SIOUAN.WINNEBAGO,Siouan,-88.5,43.5
Alg.WIYOT.WIYOT,Algic,-124.17,40.83
An.CELEBIC.WOLIO,Austronesian,122.75,-5.5
An.SOUTH_HALMAHERA_WEST_NEW_GUINEA.WOSI,Austronesian,127.5,0.0
An.CENTRAL_MALAYO_POLYNESIAN.YAMDENA,Austronesian,131.5,-7.5
Hok.YANA.YANA,Yana,-122.0,40.5
Yan.YANOMAM.YANAM,Yanomamic,-62.83,3.5
Yan.YANOMAM.YANAM_2,Yanomamic,-62.83,3.5
PN.WESTERN_PAMA_NYUNGAN.YANYUWA,Pama-Nyungan,137.17,-16.42
An.YAPESE.YAPESE,Austronesian,138.17,9.58
UA.CAHITA.YAQUI,Uto-Aztecan,-110.25,27.5
UA.CAHITA.YAQUI_2,Uto-Aztecan,-110.25,27.5
Yel.YELE.YELETNYE,Yeli_Dnye,154.17,-11.37
PN.NORTHERN_PAMA_NYUNGAN.YIDINY,Pama-Nyungan,145.75,-17.0
Tor.WAPEI_PALEI.YIL,Nuclear_Torricelli,142.15,-3.53
LSR.LOWER_SEPIK.YIMAS,Lower_Sepik-Ramu,143.55,-4.67
LSR.LOWER_SEPIK.YIMAS_2,Lower_Sepik-Ramu,143.55,-4.67
PN.WESTERN_PAMA_NYUNGAN.YINDJIBARNDI,Pama-Nyungan,117.92,-21.75
Tor.WAPEI_PALEI.YIR,Nuclear_Torricelli,142.18,-3.47
An.JAVANESE.YOGYAKARTA,Austronesian,110.37,-7.81
Pen.YOKUTS.YOKUTS_TINLINNEH,Yokutsan,-119.08,36.08
Pen.YOKUTS.YOKUTS_UNKNOWN,Yokutsan,-119.08,36.08
PN.WESTERN_PAMA_NYUNGAN.YOLNGUMATHA,Pama-Nyungan,136.75,-12.67
Yuc.YUCHI.YUCHI,Yuchi,-86.75,35.75
PN.WESTERN_PAMA_NYUNGAN.YULPARIJA,Pama-Nyungan,124.0,-21.0
Hok.YUMAN.YUMA,Cochimi-Yuman,-114.33,32.83
EA.ESKIMO.YUPIK_CENTRAL_SIBERIAN_CHAPLINO,Eskimo-Aleut,-170.48,63.69
May.MAYAN.ZINACANTAN_TZOTZIL,Mayan,-92.5,16.35
NC.BANTOID.ZOOMBO_1,Atlantic-Congo,15.0,-5.0
NC.BANTOID.ZOOMBO_2,Atlantic-Congo,15.0,-5.0
NC.BANTOID.ZOOMBO_3,Atlantic-Congo,15.0,-5.0
NC.BANTOID.ZOOMBO_4,Atlantic-Congo,15.0,-5.0
NC.BANTOID.ZULU,Atlantic-Congo,30.0,-30.0
NC.BANTOID.ZULU_2,Atlantic-Congo,30.0,-30.0
NC.BANTOID.ZULU_NKANDLA,Atlantic-Congo,30.0,-30.0
Zun.ZUNI.ZUNI,Zuni,-108.83,35.08
